event_id,event_date,affected_institution,event_type,severity_score,financial_impact_usd,resolved,resolution_days,contagion_risk,layer
EVENT_0001,2025-06-29,BK,interest_rate_shock,0.876,8315748996.3276005,False,58,0.328,banking
EVENT_0002,2024-03-21,CU_014,cyber_attack,0.993,2882673016.218599,True,155,0.526,banking
EVENT_0003,2025-11-01,CU_002,currency_crisis,0.597,8380978328.287965,True,107,0.684,banking
EVENT_0004,2024-01-12,CU_006,loan_default,0.945,9948613943.576262,True,106,0.885,banking
EVENT_0005,2024-04-08,CU_041,regulatory_action,0.958,1855419852.771719,True,135,0.548,banking
EVENT_0006,2025-08-22,TFC,loan_default,0.996,5501195415.4665,True,46,0.705,banking
EVENT_0007,2025-02-01,CU_008,interest_rate_shock,0.45,9218940563.26349,True,61,0.101,banking
EVENT_0008,2024-04-16,STT,credit_downgrade,0.454,2958953331.9639153,True,37,0.884,banking
EVENT_0009,2024-03-15,CU_022,liquidity_crunch,0.606,4891905487.579511,False,119,0.466,banking
EVENT_0010,2025-03-10,CU_008,loan_default,0.982,4324644571.993198,True,25,0.229,banking
EVENT_0011,2024-07-19,CU_027,market_crash,0.661,2894166841.4903793,False,127,0.849,banking
EVENT_0012,2025-10-18,BANC,interest_rate_shock,0.898,8971412693.110355,False,35,0.593,banking
EVENT_0013,2025-06-24,CU_035,real_estate_crash,0.453,722157416.7984685,True,154,0.828,banking
EVENT_0014,2024-07-30,UCBI,liquidity_crunch,0.628,3927682970.797437,True,123,0.239,banking
EVENT_0015,2024-10-17,CU_035,liquidity_crunch,0.711,2422885849.164221,True,166,0.413,banking
EVENT_0016,2024-12-21,CVBF,fraud_discovery,0.733,1687469272.368791,False,19,0.584,banking
EVENT_0017,2025-02-02,CU_028,fraud_discovery,0.644,6750950963.628357,True,29,0.731,banking
EVENT_0018,2025-09-24,CU_012,loan_default,0.519,8013273019.615742,True,122,0.336,banking
EVENT_0019,2024-11-07,FHN,credit_downgrade,0.5,307540279.4894632,True,154,0.105,banking
EVENT_0020,2024-01-21,AMG,fraud_discovery,0.866,1404749742.4291139,True,172,0.836,banking
EVENT_0021,2025-01-14,CU_009,real_estate_crash,0.49,9052449384.393206,True,46,0.248,banking
EVENT_0022,2024-02-12,USB,liquidity_crunch,0.982,7539216313.188963,True,49,0.56,banking
EVENT_0023,2025-05-12,CU_033,credit_downgrade,0.428,8391018654.624137,True,158,0.266,banking
EVENT_0024,2024-07-23,CU_047,interest_rate_shock,0.612,9258131131.319956,True,179,0.899,banking
EVENT_0025,2024-02-27,RF,fraud_discovery,0.341,3410681279.6779337,True,108,0.556,banking
EVENT_0026,2025-03-13,CU_037,liquidity_crunch,0.317,5078996480.331999,True,68,0.462,banking
EVENT_0027,2024-09-29,CU_047,interest_rate_shock,0.502,1997842604.9002287,True,109,0.32,banking
EVENT_0028,2025-02-11,CU_006,cyber_attack,0.542,6999935172.842322,True,108,0.25,banking
EVENT_0029,2024-11-12,CU_021,liquidity_crunch,0.496,1017821867.521958,True,136,0.421,banking
EVENT_0030,2025-08-23,BLK,fraud_discovery,0.442,150432871.105565,True,147,0.372,banking
EVENT_0031,2025-08-16,CU_039,fraud_discovery,0.768,2129683283.3555799,True,85,0.367,banking
EVENT_0032,2024-09-03,CU_045,real_estate_crash,0.57,3165021811.5410314,True,101,0.569,banking
EVENT_0033,2024-04-05,CU_020,interest_rate_shock,0.749,4427715518.58526,False,162,0.416,banking
EVENT_0034,2025-08-24,KEY,real_estate_crash,0.96,6685146269.634916,True,82,0.533,banking
EVENT_0035,2025-06-06,CU_010,interest_rate_shock,0.755,9217426164.399889,True,48,0.309,banking
EVENT_0036,2024-03-17,ZION,interest_rate_shock,0.973,9035697325.688313,True,124,0.226,banking
EVENT_0037,2024-07-09,SIVB,cyber_attack,0.438,2809900870.9996176,True,109,0.498,banking
EVENT_0038,2024-09-29,TROW,interest_rate_shock,0.546,1969623767.9006815,True,67,0.179,banking
EVENT_0039,2025-07-01,CU_050,interest_rate_shock,0.381,1017259105.5828141,True,113,0.325,banking
EVENT_0040,2024-11-01,JPM,interest_rate_shock,0.399,2421673060.8222203,True,141,0.212,banking
EVENT_0041,2024-12-04,CU_008,regulatory_action,0.477,9854996210.840834,True,103,0.278,banking
EVENT_0042,2024-10-06,CU_042,liquidity_crunch,0.424,5854565355.785104,True,109,0.334,banking
EVENT_0043,2025-08-15,CU_017,cyber_attack,0.43,1752843638.799754,True,145,0.417,banking
EVENT_0044,2025-03-13,CVBF,liquidity_crunch,0.888,5889958443.643715,True,103,0.627,banking
EVENT_0045,2025-05-07,BAC,fraud_discovery,0.958,6972569084.675592,False,154,0.536,banking
EVENT_0046,2024-06-25,BANC,interest_rate_shock,0.33,7579430729.00584,True,2,0.157,banking
EVENT_0047,2024-12-03,CU_047,credit_downgrade,0.37,564852424.0120485,False,77,0.2,banking
EVENT_0048,2025-08-16,CU_002,regulatory_action,0.893,6702163308.132866,True,113,0.43,banking
EVENT_0049,2025-05-21,CATY,loan_default,0.549,9488812134.14352,True,58,0.77,banking
EVENT_0050,2025-08-11,CU_002,regulatory_action,0.478,1782594944.7826202,False,131,0.597,banking
EVENT_0051,2025-06-01,CU_033,regulatory_action,0.699,577812315.9511299,True,153,0.671,banking
EVENT_0052,2024-12-08,CU_007,currency_crisis,0.918,9709588399.722464,False,29,0.135,banking
EVENT_0053,2024-11-12,BANC,loan_default,0.504,7201997447.551213,True,27,0.392,banking
EVENT_0054,2025-10-15,CU_008,market_crash,0.415,5010796271.380953,False,74,0.204,banking
EVENT_0055,2023-12-06,MTB,currency_crisis,0.348,856112394.163001,True,2,0.109,banking
EVENT_0056,2024-05-27,C,liquidity_crunch,0.626,1463704014.0658386,True,142,0.139,banking
EVENT_0057,2024-06-14,CU_016,interest_rate_shock,0.943,9937273892.956524,True,72,0.204,banking
EVENT_0058,2024-04-10,WTFC,real_estate_crash,0.939,1582987809.7871058,True,43,0.225,banking
EVENT_0059,2024-05-04,CU_004,real_estate_crash,0.518,686893792.1131665,True,115,0.524,banking
EVENT_0060,2025-02-17,CU_030,credit_downgrade,0.585,5555370802.3926115,True,178,0.419,banking
EVENT_0061,2025-10-23,CU_017,cyber_attack,0.437,3571450417.473337,True,54,0.414,banking
EVENT_0062,2025-04-14,BAC,regulatory_action,0.884,1917133893.038205,True,70,0.208,banking
EVENT_0063,2025-03-06,CU_043,currency_crisis,0.928,2857940184.908155,True,49,0.799,banking
EVENT_0064,2025-02-19,CU_019,loan_default,0.314,7623767492.7445545,True,51,0.285,banking
EVENT_0065,2024-02-02,CU_002,market_crash,0.756,8437386994.7810755,True,24,0.89,banking
EVENT_0066,2024-08-05,FHN,cyber_attack,0.401,5617165594.162625,True,30,0.6,banking
EVENT_0067,2024-11-02,CU_010,fraud_discovery,0.467,3025657969.150331,True,29,0.69,banking
EVENT_0068,2024-08-22,CU_030,cyber_attack,0.469,255350123.69598958,True,179,0.469,banking
EVENT_0069,2024-07-16,HBAN,currency_crisis,0.565,8190200815.150173,True,172,0.491,banking
EVENT_0070,2025-06-20,CU_010,cyber_attack,0.747,1176728510.521235,True,150,0.225,banking
EVENT_0071,2025-03-28,CATY,real_estate_crash,0.863,2538095528.6475506,True,63,0.838,banking
EVENT_0072,2025-09-26,CU_040,cyber_attack,0.825,7746883940.727095,True,165,0.515,banking
EVENT_0073,2024-08-23,CU_011,loan_default,0.323,3261702755.319679,True,103,0.235,banking
EVENT_0074,2025-05-04,CU_006,credit_downgrade,0.707,3954972230.6338935,True,46,0.44,banking
EVENT_0075,2025-04-27,CU_019,credit_downgrade,0.736,4105684527.1353054,False,20,0.614,banking
EVENT_0076,2024-06-28,NYCB,real_estate_crash,0.323,8580429351.955334,True,58,0.328,banking
EVENT_0077,2025-04-26,CU_045,cyber_attack,0.713,8325182216.964635,True,168,0.851,banking
EVENT_0078,2025-08-24,ZION,cyber_attack,0.834,5053729948.016152,True,70,0.868,banking
EVENT_0079,2024-10-26,VRTS,credit_downgrade,0.884,7393107669.038431,True,157,0.191,banking
EVENT_0080,2025-07-18,CU_020,interest_rate_shock,0.535,559558933.6603096,True,65,0.843,banking
EVENT_0081,2024-11-06,CU_013,interest_rate_shock,0.427,9550685103.054104,True,174,0.578,banking
EVENT_0082,2024-04-30,CU_048,fraud_discovery,0.72,7001986283.7242565,True,38,0.584,banking
EVENT_0083,2025-01-21,CU_041,currency_crisis,0.638,1906877135.206045,True,156,0.665,banking
EVENT_0084,2025-09-27,TROW,loan_default,0.51,5762354171.025846,True,112,0.307,banking
EVENT_0085,2025-02-01,ZION,loan_default,0.855,2755937483.8941083,True,51,0.13,banking
EVENT_0086,2023-11-24,CU_041,fraud_discovery,0.341,7925994181.517091,True,152,0.563,banking
EVENT_0087,2025-05-15,CU_030,cyber_attack,0.91,3161234099.4892383,True,10,0.499,banking
EVENT_0088,2024-06-28,CU_001,market_crash,0.653,8777498418.053047,True,132,0.316,banking
EVENT_0089,2024-04-25,SEIC,loan_default,0.66,6174607241.952843,True,160,0.529,banking
EVENT_0090,2024-12-26,OZK,market_crash,0.644,832326888.7129362,True,136,0.478,banking
EVENT_0091,2025-05-07,CU_025,currency_crisis,0.533,6142690722.927662,True,77,0.664,banking
EVENT_0092,2024-10-20,IVZ,fraud_discovery,0.765,8653748716.673382,True,37,0.568,banking
EVENT_0093,2025-10-02,CU_040,interest_rate_shock,0.475,9387022031.332462,False,47,0.791,banking
EVENT_0094,2024-08-28,CU_050,real_estate_crash,0.925,4473376546.1181,True,178,0.849,banking
EVENT_0095,2024-09-01,CU_005,loan_default,0.582,1707490288.9525568,True,177,0.631,banking
EVENT_0096,2024-07-24,CU_024,fraud_discovery,0.359,6395039429.280615,True,76,0.454,banking
EVENT_0097,2025-02-05,CU_015,cyber_attack,0.85,1960547201.6835918,True,132,0.528,banking
EVENT_0098,2025-05-05,STT,liquidity_crunch,0.349,2033796527.3503053,True,149,0.869,banking
EVENT_0099,2025-04-25,CU_031,market_crash,0.714,5333973717.291275,True,151,0.796,banking
EVENT_0100,2024-06-07,CU_001,regulatory_action,0.756,5231906246.863419,False,132,0.655,banking
EVENT_0101,2025-04-23,IVZ,liquidity_crunch,0.986,7176342810.315296,True,50,0.712,banking
EVENT_0102,2024-12-03,CU_048,real_estate_crash,0.682,8677351830.504635,True,174,0.714,banking
EVENT_0103,2024-09-20,TFC,regulatory_action,0.956,2370627956.2094398,True,17,0.412,banking
EVENT_0104,2024-10-04,FNB,liquidity_crunch,0.986,2851208227.906374,False,131,0.384,banking
EVENT_0105,2024-11-21,CU_041,cyber_attack,0.504,6244407274.218485,True,173,0.761,banking
EVENT_0106,2024-11-13,CU_022,real_estate_crash,0.363,3969697344.008346,True,154,0.638,banking
EVENT_0107,2024-03-01,CU_021,real_estate_crash,0.666,522133749.654431,True,134,0.464,banking
EVENT_0108,2024-01-19,WFC,real_estate_crash,0.451,1323393951.094494,True,17,0.431,banking
EVENT_0109,2025-08-21,CU_037,market_crash,0.961,2354479446.1591187,True,19,0.775,banking
EVENT_0110,2025-10-18,BEN,market_crash,0.571,9543267560.15557,True,107,0.532,banking
EVENT_0111,2023-12-26,CU_010,regulatory_action,0.844,1877118831.171036,True,175,0.7,banking
EVENT_0112,2024-03-20,MS,real_estate_crash,0.897,1510983126.8227737,True,13,0.439,banking
EVENT_0113,2025-09-06,CU_001,interest_rate_shock,0.308,5693990065.563943,True,14,0.139,banking
EVENT_0114,2025-04-03,SNV,real_estate_crash,0.526,878581442.6861019,False,81,0.709,banking
EVENT_0115,2024-09-08,CU_013,liquidity_crunch,0.399,4901038585.452916,True,156,0.446,banking
EVENT_0116,2024-09-18,MTB,interest_rate_shock,0.55,4056779099.7351627,True,172,0.174,banking
EVENT_0117,2025-07-12,FITB,real_estate_crash,0.763,1081156135.290558,True,70,0.139,banking
EVENT_0118,2024-06-24,CU_021,loan_default,0.36,9363527711.032686,True,155,0.762,banking
EVENT_0119,2024-03-18,CU_008,real_estate_crash,0.684,4281677718.514839,False,175,0.555,banking
EVENT_0120,2025-02-17,NYCB,fraud_discovery,0.805,3873760127.707923,True,126,0.387,banking
EVENT_0121,2024-04-09,OZK,regulatory_action,0.689,6210102198.980387,False,132,0.65,banking
EVENT_0122,2025-11-08,SIVB,market_crash,0.339,8234996780.819507,True,14,0.414,banking
EVENT_0123,2024-12-30,CU_048,credit_downgrade,0.936,9505703879.553337,True,54,0.15,banking
EVENT_0124,2025-01-20,BANC,market_crash,0.63,7726464612.701538,True,64,0.857,banking
EVENT_0125,2023-11-30,CU_016,market_crash,0.752,5009312430.440026,True,21,0.667,banking
EVENT_0126,2025-06-16,CU_034,liquidity_crunch,0.665,9275186589.09472,True,82,0.118,banking
EVENT_0127,2025-01-24,CU_008,liquidity_crunch,0.428,4530539.558926578,True,128,0.47,banking
EVENT_0128,2025-06-18,NYCB,cyber_attack,0.574,1693739177.321044,True,150,0.345,banking
EVENT_0129,2025-10-19,IVZ,market_crash,0.481,4077892167.0828443,True,106,0.846,banking
EVENT_0130,2025-01-09,MS,market_crash,0.425,1982982239.377073,True,76,0.167,banking
EVENT_0131,2024-02-05,CU_040,interest_rate_shock,0.748,1701092603.5373752,False,122,0.753,banking
EVENT_0132,2025-07-15,CFG,real_estate_crash,0.814,3384366002.0048947,True,3,0.827,banking
EVENT_0133,2025-06-29,MTB,regulatory_action,0.933,3562907652.211733,True,65,0.138,banking
EVENT_0134,2024-05-27,FHN,fraud_discovery,0.325,3356930441.045601,True,73,0.346,banking
EVENT_0135,2025-08-08,IBOC,market_crash,0.965,8041891522.715065,True,97,0.886,banking
EVENT_0136,2025-06-10,CU_025,credit_downgrade,0.512,4423251367.073052,True,129,0.375,banking
EVENT_0137,2024-09-07,CU_037,interest_rate_shock,0.758,4502630956.760146,True,23,0.302,banking
EVENT_0138,2025-06-08,FITB,credit_downgrade,0.485,1718238059.3594105,True,9,0.246,banking
EVENT_0139,2024-08-25,CVBF,real_estate_crash,0.529,2777095522.477298,True,21,0.589,banking
EVENT_0140,2024-11-23,CATY,credit_downgrade,0.365,3409059143.412508,True,88,0.815,banking
EVENT_0141,2024-07-05,FNB,currency_crisis,0.842,7469423342.89564,True,60,0.145,banking
EVENT_0142,2023-12-25,CU_045,cyber_attack,0.563,2692940903.7891393,False,138,0.358,banking
EVENT_0143,2025-09-01,PNC,liquidity_crunch,0.677,240179219.92238113,True,49,0.237,banking
EVENT_0144,2024-09-10,CU_011,currency_crisis,0.864,5110793210.938013,True,34,0.533,banking
EVENT_0145,2025-10-13,COF,regulatory_action,0.449,5696838693.996028,True,118,0.141,banking
EVENT_0146,2023-11-22,FNB,credit_downgrade,0.498,6986760841.7738905,True,135,0.294,banking
EVENT_0147,2025-03-27,CU_018,regulatory_action,0.772,6595278693.866573,False,108,0.743,banking
EVENT_0148,2025-08-19,CU_022,credit_downgrade,0.551,2527560182.326324,True,142,0.226,banking
EVENT_0149,2025-06-03,WAFD,currency_crisis,0.502,4403332444.318824,True,46,0.229,banking
EVENT_0150,2025-05-01,ZION,liquidity_crunch,0.553,8302466930.238515,True,66,0.61,banking
EVENT_0151,2025-07-30,MTB,credit_downgrade,0.508,8069431258.685121,True,59,0.617,banking
EVENT_0152,2024-09-22,CU_005,loan_default,0.55,4143155957.3079576,False,5,0.488,banking
EVENT_0153,2024-06-26,WAFD,currency_crisis,0.931,5135008931.817038,True,9,0.579,banking
EVENT_0154,2025-04-13,CMA,fraud_discovery,0.398,6097663038.817096,True,64,0.627,banking
EVENT_0155,2024-05-22,CU_021,fraud_discovery,0.321,5213945326.4519205,True,23,0.663,banking
EVENT_0156,2024-04-07,EWBC,fraud_discovery,0.827,3645846707.907826,True,147,0.532,banking
EVENT_0157,2024-07-24,VRTS,regulatory_action,0.758,5778031331.251386,False,10,0.102,banking
EVENT_0158,2024-05-28,HBAN,real_estate_crash,0.952,4821456803.206691,True,51,0.765,banking
EVENT_0159,2024-08-09,CU_046,market_crash,0.904,7216039697.562342,False,51,0.27,banking
EVENT_0160,2025-04-01,EWBC,cyber_attack,0.98,6409195104.922454,True,91,0.67,banking
EVENT_0161,2024-01-20,SIVB,cyber_attack,0.496,7907592384.988926,True,27,0.426,banking
EVENT_0162,2025-09-02,FITB,credit_downgrade,0.312,2708873851.934217,False,67,0.549,banking
EVENT_0163,2025-08-19,CU_013,market_crash,0.627,8991881603.54091,True,168,0.375,banking
EVENT_0164,2025-10-19,CU_009,market_crash,0.492,2496369359.9910264,True,27,0.129,banking
EVENT_0165,2025-05-27,CU_041,cyber_attack,0.315,1007019991.2400644,True,2,0.245,banking
EVENT_0166,2025-03-29,BLK,real_estate_crash,0.562,687968171.763876,True,71,0.21,banking
EVENT_0167,2025-11-01,CU_003,real_estate_crash,0.472,2339378409.2965746,True,17,0.267,banking
EVENT_0168,2024-06-07,CU_026,loan_default,0.963,6424774782.789308,True,46,0.593,banking
EVENT_0169,2025-03-19,CU_020,market_crash,0.495,8240299122.2203245,False,122,0.697,banking
EVENT_0170,2025-01-01,FCNCA,market_crash,0.463,8624267851.834335,False,143,0.32,banking
EVENT_0171,2024-01-22,CU_015,credit_downgrade,0.44,2445117854.7315936,True,132,0.686,banking
EVENT_0172,2024-05-04,CU_029,regulatory_action,0.74,5314636800.656445,True,21,0.496,banking
EVENT_0173,2025-06-28,FITB,liquidity_crunch,0.407,8073137900.030528,True,75,0.33,banking
EVENT_0174,2024-04-12,HBAN,loan_default,0.508,4422413173.355439,True,118,0.735,banking
EVENT_0175,2023-12-22,STT,real_estate_crash,0.99,6171716993.420751,True,111,0.515,banking
EVENT_0176,2025-01-03,CU_027,interest_rate_shock,0.557,1743724277.714115,True,147,0.2,banking
EVENT_0177,2025-02-10,FHN,credit_downgrade,0.75,9184116999.716633,True,14,0.768,banking
EVENT_0178,2025-01-30,KEY,interest_rate_shock,0.334,3501647398.153707,True,166,0.216,banking
EVENT_0179,2025-02-06,VRTS,loan_default,0.338,3904382226.459484,True,135,0.287,banking
EVENT_0180,2025-08-23,CU_021,fraud_discovery,0.321,7892655677.924631,True,66,0.437,banking
EVENT_0181,2025-09-19,SEIC,credit_downgrade,0.374,6339176214.636728,True,164,0.178,banking
EVENT_0182,2025-05-30,CU_046,loan_default,0.83,7191075829.686556,True,168,0.765,banking
EVENT_0183,2024-05-16,C,liquidity_crunch,0.825,4786917615.551924,False,40,0.213,banking
EVENT_0184,2025-04-24,CU_026,market_crash,0.562,5063852436.335756,True,167,0.768,banking
EVENT_0185,2024-03-13,CU_049,interest_rate_shock,0.858,3623069383.21391,True,39,0.814,banking
EVENT_0186,2024-07-13,IVZ,regulatory_action,0.632,9253522337.231787,True,167,0.632,banking
EVENT_0187,2023-11-30,SNV,market_crash,0.83,6701217300.380787,True,129,0.493,banking
EVENT_0188,2025-06-30,FNB,real_estate_crash,0.74,2639704261.1774683,True,44,0.491,banking
EVENT_0189,2024-08-01,UMBF,loan_default,0.65,5847125612.248411,False,137,0.459,banking
EVENT_0190,2025-01-21,CU_009,loan_default,0.345,8136347617.312329,False,6,0.248,banking
EVENT_0191,2024-10-21,CU_018,interest_rate_shock,0.898,7499454760.84197,False,118,0.7,banking
EVENT_0192,2025-06-21,MS,liquidity_crunch,0.501,2664586106.9949965,True,120,0.305,banking
EVENT_0193,2023-11-20,CU_033,loan_default,0.782,2447724382.740715,True,74,0.837,banking
EVENT_0194,2025-08-12,AMG,cyber_attack,0.775,7684438900.822175,True,140,0.109,banking
EVENT_0195,2024-07-26,CU_027,cyber_attack,0.868,6490332095.782289,True,115,0.306,banking
EVENT_0196,2023-11-15,WFC,regulatory_action,0.884,6971999649.419424,False,64,0.663,banking
EVENT_0197,2025-05-18,CASH,credit_downgrade,0.343,4628261879.403601,True,21,0.872,banking
EVENT_0198,2024-09-18,BLK,credit_downgrade,0.518,7100552320.307817,True,144,0.171,banking
EVENT_0199,2025-01-02,PNFP,fraud_discovery,0.439,2159408267.9764924,True,149,0.694,banking
EVENT_0200,2024-05-07,CU_007,market_crash,0.812,2010389008.553694,True,64,0.382,banking
EVENT_0201,2024-04-04,UCBI,interest_rate_shock,0.474,6810306421.450788,True,119,0.625,banking
EVENT_0202,2024-03-29,MTB,currency_crisis,0.34,9269574465.208881,True,166,0.118,banking
EVENT_0203,2025-09-08,BLK,market_crash,0.358,5602745619.06887,True,70,0.109,banking
EVENT_0204,2024-11-13,NYCB,loan_default,0.317,9864718913.34852,False,52,0.279,banking
EVENT_0205,2024-07-24,CU_038,loan_default,0.901,4213609251.208436,True,83,0.802,banking
EVENT_0206,2024-06-22,CU_003,fraud_discovery,0.688,8040707390.535435,True,108,0.257,banking
EVENT_0207,2025-02-06,CU_025,credit_downgrade,0.524,4818527657.941245,True,4,0.429,banking
EVENT_0208,2025-01-24,CU_020,interest_rate_shock,0.945,4457029652.153783,True,93,0.159,banking
EVENT_0209,2025-08-25,WFC,fraud_discovery,0.97,368804076.50473326,False,17,0.359,banking
EVENT_0210,2025-10-04,WAL,interest_rate_shock,0.972,9270262711.633404,True,116,0.223,banking
EVENT_0211,2024-10-18,VRTS,loan_default,0.557,4062024289.6287236,True,127,0.739,banking
EVENT_0212,2023-12-25,FNB,currency_crisis,0.447,3018865989.441898,True,20,0.456,banking
EVENT_0213,2025-06-13,HBAN,loan_default,0.557,1996988731.4066768,True,3,0.534,banking
EVENT_0214,2025-02-20,USB,credit_downgrade,0.414,3308585436.8063736,True,13,0.866,banking
EVENT_0215,2025-06-20,AMG,regulatory_action,0.452,4615553750.39477,True,23,0.675,banking
EVENT_0216,2025-07-28,MTB,cyber_attack,0.532,4743925049.909719,True,21,0.784,banking
EVENT_0217,2024-01-29,CU_043,credit_downgrade,0.983,8700934066.263607,True,160,0.391,banking
EVENT_0218,2024-06-24,TFC,fraud_discovery,0.757,5527761090.892525,False,3,0.628,banking
EVENT_0219,2024-05-16,CU_001,credit_downgrade,0.596,2960027406.573753,True,90,0.782,banking
EVENT_0220,2025-01-07,TFC,interest_rate_shock,0.711,1752264042.141164,True,60,0.871,banking
EVENT_0221,2025-11-08,CU_019,interest_rate_shock,0.816,6999011051.403642,True,25,0.63,banking
EVENT_0222,2024-09-26,WAL,currency_crisis,0.665,1669191538.4325867,True,155,0.236,banking
EVENT_0223,2025-01-12,OZK,credit_downgrade,0.792,8726760972.898085,True,57,0.805,banking
EVENT_0224,2023-12-16,CU_036,interest_rate_shock,0.708,4530776059.368952,True,144,0.49,banking
EVENT_0225,2024-07-31,CU_043,loan_default,0.946,5631887682.247192,True,173,0.153,banking
EVENT_0226,2025-06-13,CU_041,credit_downgrade,0.582,5591017280.732109,True,15,0.507,banking
EVENT_0227,2023-11-17,RF,real_estate_crash,0.854,6596050645.0504265,True,6,0.667,banking
EVENT_0228,2023-11-13,CU_025,fraud_discovery,0.441,6435114422.50521,True,134,0.182,banking
EVENT_0229,2024-05-20,SIVB,credit_downgrade,0.481,1719101242.8292656,True,70,0.785,banking
EVENT_0230,2023-11-20,CU_009,regulatory_action,0.431,5534350896.325742,True,4,0.231,banking
EVENT_0231,2024-05-15,IBOC,regulatory_action,0.922,3622384322.5441766,False,153,0.475,banking
EVENT_0232,2024-12-20,NYCB,cyber_attack,0.319,6523353470.8723345,True,18,0.773,banking
EVENT_0233,2025-11-05,CU_014,interest_rate_shock,0.391,5680513911.850197,False,14,0.401,banking
EVENT_0234,2024-03-25,C,interest_rate_shock,0.855,7425693194.527242,True,86,0.766,banking
EVENT_0235,2024-10-04,CU_017,currency_crisis,0.56,7721293600.0261135,False,107,0.586,banking
EVENT_0236,2024-03-05,SEIC,fraud_discovery,0.415,8638413123.81618,True,95,0.693,banking
EVENT_0237,2025-10-30,CU_006,regulatory_action,0.468,8039930107.236708,True,34,0.438,banking
EVENT_0238,2024-04-21,UCBI,market_crash,0.913,3754644046.3093615,True,129,0.134,banking
EVENT_0239,2024-04-09,CU_009,real_estate_crash,0.493,994576821.7459062,True,153,0.425,banking
EVENT_0240,2025-01-17,FNB,market_crash,0.731,855643959.646388,True,105,0.602,banking
EVENT_0241,2024-02-07,OZK,real_estate_crash,0.477,576442630.0857403,True,177,0.106,banking
EVENT_0242,2025-06-02,CU_041,fraud_discovery,0.741,4309608918.518891,True,51,0.574,banking
EVENT_0243,2025-09-02,CU_029,interest_rate_shock,0.99,4990067828.46014,True,26,0.716,banking
EVENT_0244,2025-05-04,CU_032,regulatory_action,0.66,6508088169.018883,True,165,0.203,banking
EVENT_0245,2024-07-28,BAC,fraud_discovery,0.647,4305972160.980757,True,111,0.814,banking
EVENT_0246,2024-06-25,CFG,fraud_discovery,0.352,9992873260.285114,False,28,0.445,banking
EVENT_0247,2024-01-04,CU_049,loan_default,0.894,8097014226.052101,False,31,0.757,banking
EVENT_0248,2024-02-13,MS,liquidity_crunch,0.72,3122370642.1245112,True,70,0.124,banking
EVENT_0249,2024-03-18,SEIC,currency_crisis,0.709,6215882625.018214,True,115,0.414,banking
EVENT_0250,2023-12-06,CU_027,liquidity_crunch,0.517,9451786435.11195,False,64,0.626,banking
EVENT_0251,2025-03-06,CU_031,currency_crisis,0.859,7261859954.718195,True,114,0.818,banking
EVENT_0252,2024-09-04,APAM,real_estate_crash,0.586,8103372403.288349,True,33,0.406,banking
EVENT_0253,2025-06-03,BEN,credit_downgrade,0.358,9319748655.857159,False,93,0.394,banking
EVENT_0254,2025-03-15,CU_013,interest_rate_shock,0.639,4073158589.6523304,False,26,0.42,banking
EVENT_0255,2025-02-07,NYCB,real_estate_crash,0.971,507413160.77582407,True,147,0.481,banking
EVENT_0256,2024-01-01,CU_009,market_crash,0.922,5334755686.163541,True,87,0.441,banking
EVENT_0257,2025-05-30,BK,interest_rate_shock,0.99,9270397105.575438,True,94,0.36,banking
EVENT_0258,2024-04-06,CU_038,fraud_discovery,0.591,3889506562.751396,False,88,0.894,banking
EVENT_0259,2025-07-06,CU_036,liquidity_crunch,0.712,4305499484.232248,True,140,0.399,banking
EVENT_0260,2024-01-24,CU_026,loan_default,0.712,8553628424.121484,True,48,0.611,banking
EVENT_0261,2024-02-22,CU_035,cyber_attack,0.906,9410269295.253437,True,46,0.431,banking
EVENT_0262,2023-12-18,CU_017,liquidity_crunch,0.656,8522869694.324001,False,4,0.77,banking
EVENT_0263,2025-06-04,UCBI,real_estate_crash,0.786,6869074466.192792,True,151,0.123,banking
EVENT_0264,2024-02-04,BEN,currency_crisis,0.697,5325949116.26476,True,37,0.872,banking
EVENT_0265,2025-03-30,CU_029,regulatory_action,0.54,6251127860.070796,True,171,0.752,banking
EVENT_0266,2025-05-15,PNFP,fraud_discovery,0.751,693785811.2648255,True,28,0.892,banking
EVENT_0267,2023-11-28,TROW,cyber_attack,0.585,8661557331.936398,False,15,0.161,banking
EVENT_0268,2023-11-20,CU_014,interest_rate_shock,0.895,377223294.9662998,True,76,0.169,banking
EVENT_0269,2024-02-10,CU_029,regulatory_action,0.848,9172648764.539225,True,14,0.305,banking
EVENT_0270,2023-12-02,CU_010,loan_default,0.858,4861698867.253436,True,55,0.664,banking
EVENT_0271,2024-01-13,CU_044,real_estate_crash,0.724,4652907661.85172,False,93,0.865,banking
EVENT_0272,2024-07-03,CU_034,currency_crisis,0.369,5724233526.754558,False,12,0.668,banking
EVENT_0273,2025-04-01,CU_035,fraud_discovery,0.576,426189680.40720963,True,168,0.397,banking
EVENT_0274,2024-11-22,CASH,regulatory_action,0.943,9656333865.873644,True,152,0.855,banking
EVENT_0275,2024-07-06,CU_007,cyber_attack,0.553,8949704794.850168,True,75,0.793,banking
EVENT_0276,2025-11-02,RF,fraud_discovery,0.838,1612309043.2148323,False,122,0.242,banking
EVENT_0277,2025-10-11,CU_018,currency_crisis,0.516,8355109566.1981125,True,68,0.571,banking
EVENT_0278,2024-06-02,CU_010,interest_rate_shock,0.538,3335678774.0483894,True,139,0.208,banking
EVENT_0279,2024-03-31,CU_032,credit_downgrade,0.988,3203221190.6227684,True,155,0.48,banking
EVENT_0280,2024-08-28,CU_047,real_estate_crash,0.568,2652019866.7310886,True,110,0.647,banking
EVENT_0281,2025-06-08,CMA,loan_default,0.353,5886406916.642702,True,134,0.807,banking
EVENT_0282,2024-03-17,BK,regulatory_action,0.844,3159527222.724977,True,63,0.511,banking
EVENT_0283,2025-07-24,CU_004,cyber_attack,0.676,2998215148.6525307,True,117,0.101,banking
EVENT_0284,2024-09-28,CU_041,credit_downgrade,0.45,2718827048.7582335,True,11,0.468,banking
EVENT_0285,2025-02-21,PNFP,liquidity_crunch,0.692,9392540043.732834,True,41,0.794,banking
EVENT_0286,2025-02-05,CU_029,interest_rate_shock,0.491,5161895714.318843,True,93,0.53,banking
EVENT_0287,2024-05-29,CU_048,regulatory_action,0.579,6399005863.559459,True,178,0.487,banking
EVENT_0288,2023-12-18,BK,cyber_attack,0.742,959848229.6137339,False,37,0.778,banking
EVENT_0289,2025-03-06,RF,loan_default,0.833,3226395816.765169,False,28,0.634,banking
EVENT_0290,2024-01-27,USB,real_estate_crash,0.693,2254667316.7366147,True,58,0.81,banking
EVENT_0291,2024-08-02,CU_001,market_crash,0.874,7484266399.743157,True,107,0.185,banking
EVENT_0292,2025-01-06,CU_047,cyber_attack,0.866,605814575.2611959,True,104,0.884,banking
EVENT_0293,2025-04-26,CU_040,market_crash,0.728,4204008418.0778036,True,154,0.337,banking
EVENT_0294,2025-03-21,CU_049,fraud_discovery,0.97,1463694408.5523188,True,25,0.813,banking
EVENT_0295,2025-05-25,BANC,liquidity_crunch,0.807,6943592607.628098,True,64,0.445,banking
EVENT_0296,2025-07-11,WAFD,credit_downgrade,0.712,4149452575.9704294,True,123,0.839,banking
EVENT_0297,2023-12-27,UCBI,real_estate_crash,0.488,2479061149.8674636,True,137,0.217,banking
EVENT_0298,2025-09-26,SEIC,liquidity_crunch,0.906,7467879431.987789,True,28,0.845,banking
EVENT_0299,2024-04-18,CU_016,loan_default,0.466,5968146607.628756,True,13,0.779,banking
EVENT_0300,2024-08-02,SEIC,real_estate_crash,0.718,1947101067.9440033,True,135,0.897,banking
EVENT_0301,2024-09-09,CU_047,cyber_attack,0.45,2754427020.265606,True,34,0.653,banking
EVENT_0302,2025-02-01,SCHW,market_crash,0.615,9029383349.69884,True,107,0.388,banking
EVENT_0303,2024-12-01,CU_013,liquidity_crunch,0.615,1874767285.439978,True,51,0.55,banking
EVENT_0304,2025-07-03,TFC,market_crash,0.992,3906947136.399478,False,161,0.111,banking
EVENT_0305,2024-04-07,KEY,fraud_discovery,0.684,5719180397.1706,True,132,0.242,banking
EVENT_0306,2025-10-17,CU_047,interest_rate_shock,0.995,8537481457.719926,True,116,0.426,banking
EVENT_0307,2024-05-19,CU_006,interest_rate_shock,0.887,4466595234.820767,True,74,0.799,banking
EVENT_0308,2025-06-22,BANC,liquidity_crunch,0.789,1641995970.7490733,True,84,0.235,banking
EVENT_0309,2025-03-20,CU_031,cyber_attack,0.928,5758779807.401217,True,87,0.285,banking
EVENT_0310,2024-03-02,MS,loan_default,0.742,4279253909.671248,True,74,0.485,banking
EVENT_0311,2024-01-23,CU_032,cyber_attack,0.605,9698612420.32076,False,1,0.191,banking
EVENT_0312,2024-12-27,CU_047,real_estate_crash,0.874,2483538320.2800007,True,13,0.544,banking
EVENT_0313,2025-10-21,CU_049,liquidity_crunch,0.479,6847508727.584813,True,48,0.42,banking
EVENT_0314,2024-05-23,CU_050,credit_downgrade,0.928,5738778844.763204,True,41,0.436,banking
EVENT_0315,2024-02-27,CU_018,regulatory_action,0.43,2741793215.7155094,True,57,0.677,banking
EVENT_0316,2024-09-18,CU_006,interest_rate_shock,0.918,4625117482.973008,True,99,0.827,banking
EVENT_0317,2024-03-01,CU_028,liquidity_crunch,0.77,4466878668.030047,True,35,0.527,banking
EVENT_0318,2025-11-07,CU_008,credit_downgrade,0.816,3225587166.7802835,True,130,0.865,banking
EVENT_0319,2024-09-03,CU_004,loan_default,0.915,7732025720.562019,True,45,0.422,banking
EVENT_0320,2025-05-13,ZION,market_crash,0.791,6891595282.63062,False,178,0.277,banking
EVENT_0321,2024-10-27,CU_009,regulatory_action,0.403,6736280676.339668,True,106,0.468,banking
EVENT_0322,2025-01-31,CU_044,interest_rate_shock,0.884,2620228186.809831,True,63,0.479,banking
EVENT_0323,2025-10-01,CU_031,cyber_attack,0.336,8894957767.975946,True,97,0.632,banking
EVENT_0324,2024-10-13,SNV,interest_rate_shock,0.549,6027265210.288666,True,105,0.596,banking
EVENT_0325,2024-06-25,SNV,currency_crisis,0.553,8019135379.826911,True,38,0.168,banking
EVENT_0326,2025-08-06,CU_048,credit_downgrade,0.945,7427229772.44357,True,10,0.383,banking
EVENT_0327,2024-09-26,TCBI,market_crash,0.45,411196080.1295804,False,87,0.224,banking
EVENT_0328,2025-02-07,CU_034,cyber_attack,0.649,1966472976.0430217,True,152,0.551,banking
EVENT_0329,2025-06-23,PNFP,currency_crisis,0.66,4465605450.966487,True,62,0.804,banking
EVENT_0330,2024-07-18,CFG,liquidity_crunch,0.377,6840050183.192901,True,144,0.572,banking
EVENT_0331,2024-10-04,CU_021,liquidity_crunch,0.535,96197725.0528234,True,64,0.34,banking
EVENT_0332,2025-05-26,CU_033,liquidity_crunch,0.925,8801691882.388372,True,97,0.632,banking
EVENT_0333,2024-02-02,SBNY,interest_rate_shock,0.728,3371587605.1612015,True,125,0.812,banking
EVENT_0334,2025-08-09,CATY,credit_downgrade,0.518,7195589256.412748,True,115,0.498,banking
EVENT_0335,2025-11-01,TCBI,cyber_attack,0.429,5055181904.644954,True,159,0.515,banking
EVENT_0336,2024-01-04,CU_010,real_estate_crash,0.836,6497076554.596329,False,139,0.526,banking
EVENT_0337,2025-06-25,CU_024,credit_downgrade,0.572,9129901273.424759,True,11,0.719,banking
EVENT_0338,2024-09-03,TCBI,cyber_attack,0.918,5959984109.783563,False,124,0.805,banking
EVENT_0339,2024-07-23,CU_046,credit_downgrade,0.5,856851643.7264966,True,143,0.286,banking
EVENT_0340,2024-12-20,CU_014,liquidity_crunch,0.335,8251533239.0630245,True,66,0.165,banking
EVENT_0341,2024-01-24,CMA,loan_default,0.925,6637983571.580371,True,48,0.159,banking
EVENT_0342,2025-01-05,SEIC,liquidity_crunch,0.888,9001331211.992132,True,14,0.843,banking
EVENT_0343,2024-01-04,SCHW,cyber_attack,0.649,7902057063.73286,False,177,0.285,banking
EVENT_0344,2023-11-27,CU_002,cyber_attack,0.451,2832655766.6943965,True,18,0.213,banking
EVENT_0345,2025-08-08,UMBF,currency_crisis,0.428,8036738803.265489,True,175,0.525,banking
EVENT_0346,2024-03-12,BK,regulatory_action,0.618,8559902825.164144,True,119,0.28,banking
EVENT_0347,2024-04-03,CU_019,currency_crisis,0.49,5148062460.310576,True,154,0.857,banking
EVENT_0348,2024-02-19,CU_007,regulatory_action,0.964,2170272654.254458,True,54,0.803,banking
EVENT_0349,2024-07-13,CU_043,regulatory_action,0.5,1386179232.0094697,True,41,0.347,banking
EVENT_0350,2024-09-02,IVZ,credit_downgrade,0.462,8135576539.448791,False,76,0.573,banking
EVENT_0351,2025-02-03,CU_050,fraud_discovery,0.434,5202331186.374735,True,165,0.306,banking
EVENT_0352,2025-03-27,COF,market_crash,0.882,1559142045.3675847,True,41,0.526,banking
EVENT_0353,2025-07-18,NYCB,real_estate_crash,0.307,7093028406.988769,True,24,0.577,banking
EVENT_0354,2024-11-12,CU_019,interest_rate_shock,0.883,3560655646.507725,True,59,0.78,banking
EVENT_0355,2025-07-08,CU_028,real_estate_crash,0.558,2225615003.6518517,True,8,0.704,banking
EVENT_0356,2024-05-28,APAM,credit_downgrade,0.647,2153568458.890256,False,7,0.157,banking
EVENT_0357,2025-09-25,ZION,regulatory_action,0.857,4652258689.051974,True,95,0.744,banking
EVENT_0358,2025-10-23,CU_033,cyber_attack,0.769,434970460.16273487,True,118,0.432,banking
EVENT_0359,2025-03-24,CU_022,currency_crisis,0.538,9600848761.475471,True,82,0.725,banking
EVENT_0360,2023-11-17,WTFC,market_crash,0.823,7469157883.550001,True,51,0.851,banking
EVENT_0361,2024-07-17,CU_037,interest_rate_shock,0.423,2122109155.527729,True,45,0.513,banking
EVENT_0362,2024-12-01,OZK,currency_crisis,0.813,1806297241.263104,False,107,0.638,banking
EVENT_0363,2025-04-16,CU_015,loan_default,0.701,4361361884.023625,True,170,0.152,banking
EVENT_0364,2024-04-24,CU_019,regulatory_action,0.722,3324339066.84258,True,171,0.26,banking
EVENT_0365,2024-07-24,CU_006,market_crash,0.37,4866542495.478224,True,59,0.7,banking
EVENT_0366,2023-12-08,CU_012,market_crash,0.571,3007432287.3199806,True,122,0.892,banking
EVENT_0367,2024-06-16,CU_034,credit_downgrade,0.8,9874910836.476885,True,17,0.869,banking
EVENT_0368,2024-11-06,CU_022,currency_crisis,0.969,1554357288.8185878,True,176,0.795,banking
EVENT_0369,2024-07-03,HBAN,loan_default,0.607,6138372698.253081,True,80,0.616,banking
EVENT_0370,2024-09-19,CU_009,market_crash,0.871,3301731636.5634236,False,144,0.438,banking
EVENT_0371,2025-02-21,CATY,currency_crisis,0.957,5770965958.513847,False,91,0.86,banking
EVENT_0372,2024-05-23,PNFP,liquidity_crunch,0.554,9626629197.437782,True,138,0.357,banking
EVENT_0373,2024-10-02,COF,currency_crisis,0.58,3830738398.0656676,True,68,0.435,banking
EVENT_0374,2025-10-07,CU_032,cyber_attack,0.368,2439334382.7714453,True,64,0.823,banking
EVENT_0375,2024-06-19,WAFD,currency_crisis,0.318,5081650541.533559,True,116,0.182,banking
EVENT_0376,2024-07-03,CU_025,fraud_discovery,0.678,3762000666.599601,True,34,0.741,banking
EVENT_0377,2024-07-21,CU_037,interest_rate_shock,0.69,7705607515.409462,True,40,0.221,banking
EVENT_0378,2025-10-21,BLK,real_estate_crash,0.426,7449835401.129281,False,88,0.135,banking
EVENT_0379,2025-05-01,CU_040,currency_crisis,0.301,5539956069.853542,True,120,0.569,banking
EVENT_0380,2024-06-09,CU_042,market_crash,0.908,7450321087.926746,True,128,0.266,banking
EVENT_0381,2024-10-10,OZK,market_crash,0.683,8432731034.755104,True,54,0.224,banking
EVENT_0382,2025-04-05,CU_013,liquidity_crunch,0.554,2390948634.495674,True,173,0.482,banking
EVENT_0383,2025-04-08,CU_033,real_estate_crash,0.309,6030584433.269004,True,110,0.114,banking
EVENT_0384,2025-07-16,WTFC,currency_crisis,0.807,8230325412.032637,True,99,0.642,banking
EVENT_0385,2025-01-06,CVBF,real_estate_crash,0.606,7404145750.639033,False,149,0.579,banking
EVENT_0386,2025-06-13,PNFP,currency_crisis,0.735,7166938755.146563,True,39,0.175,banking
EVENT_0387,2023-12-18,CU_017,loan_default,0.74,3839987036.332983,True,69,0.799,banking
EVENT_0388,2024-09-09,WAFD,real_estate_crash,0.325,1873660030.2554042,True,161,0.175,banking
EVENT_0389,2023-11-30,FNB,credit_downgrade,0.948,2228915717.883102,True,16,0.311,banking
EVENT_0390,2025-02-27,CU_046,regulatory_action,0.79,2025220214.8049467,True,58,0.688,banking
EVENT_0391,2025-02-20,CU_036,loan_default,0.809,4431166253.276057,True,54,0.892,banking
EVENT_0392,2025-03-17,CU_003,fraud_discovery,0.5,8910475183.04248,True,70,0.56,banking
EVENT_0393,2023-12-11,CU_022,interest_rate_shock,0.33,2386864911.1485186,True,46,0.492,banking
EVENT_0394,2025-10-18,CU_012,credit_downgrade,0.525,5876298989.9224,False,162,0.564,banking
EVENT_0395,2024-01-22,CU_035,loan_default,0.583,2332664285.594603,True,17,0.569,banking
EVENT_0396,2025-01-31,AMG,regulatory_action,0.909,9509000220.080498,True,121,0.291,banking
EVENT_0397,2024-05-02,C,liquidity_crunch,0.503,9936492582.394197,False,13,0.591,banking
EVENT_0398,2024-10-05,CATY,real_estate_crash,0.912,8577259172.187564,True,42,0.134,banking
EVENT_0399,2024-04-18,CVBF,market_crash,0.64,9635022600.46983,True,100,0.733,banking
EVENT_0400,2024-08-16,CU_021,loan_default,0.448,9883413899.242785,True,18,0.648,banking
EVENT_0401,2025-10-11,CU_017,fraud_discovery,0.64,9421126819.404402,True,152,0.708,banking
EVENT_0402,2024-04-03,CFG,credit_downgrade,0.898,9022037151.48693,True,56,0.709,banking
EVENT_0403,2025-06-01,BLK,liquidity_crunch,0.859,4900158096.900076,True,141,0.253,banking
EVENT_0404,2024-03-18,CU_037,loan_default,0.613,4848703283.384296,True,19,0.687,banking
EVENT_0405,2025-05-20,C,real_estate_crash,0.385,7752279194.415405,False,149,0.366,banking
EVENT_0406,2024-01-17,CU_027,regulatory_action,0.537,2161671142.881534,True,80,0.244,banking
EVENT_0407,2025-04-29,CU_034,loan_default,0.303,820340149.4721519,False,130,0.835,banking
EVENT_0408,2024-05-18,CASH,credit_downgrade,0.878,4610503826.348183,True,97,0.176,banking
EVENT_0409,2024-03-24,CU_033,regulatory_action,0.334,7431869970.014173,True,51,0.111,banking
EVENT_0410,2024-07-07,MTB,interest_rate_shock,0.391,4841287341.547217,True,65,0.674,banking
EVENT_0411,2024-08-12,CU_025,loan_default,0.755,409204510.12014323,True,57,0.55,banking
EVENT_0412,2023-12-29,CU_050,currency_crisis,0.461,820692724.133992,True,169,0.695,banking
EVENT_0413,2025-04-10,CU_016,loan_default,0.659,8346111981.74993,True,29,0.852,banking
EVENT_0414,2025-06-26,CU_046,real_estate_crash,0.401,2723835557.5881333,True,169,0.12,banking
EVENT_0415,2023-12-01,CU_019,currency_crisis,0.952,2250638985.5513463,True,55,0.601,banking
EVENT_0416,2025-07-16,SNV,loan_default,0.422,6507305209.290748,True,39,0.197,banking
EVENT_0417,2024-10-27,CU_023,fraud_discovery,0.517,4164592986.881508,False,56,0.894,banking
EVENT_0418,2024-06-30,STT,cyber_attack,0.955,9041243560.37953,True,106,0.332,banking
EVENT_0419,2025-04-26,CU_027,currency_crisis,0.801,4401326673.175373,True,132,0.781,banking
EVENT_0420,2024-01-15,CU_012,interest_rate_shock,0.538,4683539128.599249,True,76,0.289,banking
EVENT_0421,2024-07-08,OZK,fraud_discovery,0.773,1474187639.4965756,False,99,0.582,banking
EVENT_0422,2023-12-19,CU_006,cyber_attack,0.808,7063014779.549513,True,40,0.529,banking
EVENT_0423,2024-01-28,STT,interest_rate_shock,0.989,8754962126.468727,True,95,0.344,banking
EVENT_0424,2024-03-15,UCBI,currency_crisis,0.616,5005708714.095828,False,91,0.7,banking
EVENT_0425,2025-05-18,SNV,fraud_discovery,0.647,7152702396.724355,True,61,0.583,banking
EVENT_0426,2025-09-08,SNV,credit_downgrade,0.757,3166872006.487148,True,115,0.787,banking
EVENT_0427,2025-04-27,WAFD,loan_default,0.475,7057720982.8832445,True,113,0.327,banking
EVENT_0428,2024-02-21,CU_020,market_crash,0.503,3309842593.1832767,False,44,0.271,banking
EVENT_0429,2024-09-29,FHN,currency_crisis,0.675,9179973786.863909,True,26,0.517,banking
EVENT_0430,2024-10-14,UCBI,loan_default,0.494,7531169113.638668,True,142,0.752,banking
EVENT_0431,2024-05-01,TROW,loan_default,0.788,5559094095.065186,True,6,0.69,banking
EVENT_0432,2025-09-17,TCBI,loan_default,0.419,5213480099.9553995,True,111,0.259,banking
EVENT_0433,2025-10-27,CU_045,real_estate_crash,0.605,2871070799.6218376,True,64,0.175,banking
EVENT_0434,2025-08-01,APAM,market_crash,0.311,7147535592.764897,False,127,0.627,banking
EVENT_0435,2023-12-29,CU_003,fraud_discovery,0.978,3429390017.9035945,True,168,0.538,banking
EVENT_0436,2025-09-15,CU_012,interest_rate_shock,0.37,3820086052.4037004,True,47,0.486,banking
EVENT_0437,2024-12-04,CU_001,liquidity_crunch,0.315,3750690526.1060643,False,79,0.644,banking
EVENT_0438,2024-10-18,CMA,currency_crisis,0.983,7985963256.578753,True,146,0.874,banking
EVENT_0439,2024-09-07,CU_015,regulatory_action,0.694,2675220191.3618383,True,68,0.345,banking
EVENT_0440,2024-07-17,CU_026,real_estate_crash,0.667,861785932.7275798,True,35,0.849,banking
EVENT_0441,2024-09-29,HBAN,real_estate_crash,0.634,3231340132.756273,True,17,0.87,banking
EVENT_0442,2025-05-07,CU_021,credit_downgrade,0.761,5160877783.047121,True,14,0.199,banking
EVENT_0443,2024-11-05,CU_043,loan_default,0.766,3188530744.3140016,False,107,0.642,banking
EVENT_0444,2024-09-26,CU_033,fraud_discovery,0.826,4440065434.5732155,True,90,0.243,banking
EVENT_0445,2024-05-06,CU_040,loan_default,0.582,7021237300.00304,True,128,0.52,banking
EVENT_0446,2024-04-30,CU_036,market_crash,0.66,2989313658.745449,False,163,0.676,banking
EVENT_0447,2025-03-12,FNB,fraud_discovery,0.685,6970191654.488695,True,125,0.385,banking
EVENT_0448,2025-01-05,OZK,fraud_discovery,0.554,3657213658.357457,True,44,0.47,banking
EVENT_0449,2025-01-30,UMBF,liquidity_crunch,0.359,5646632397.200289,False,97,0.581,banking
EVENT_0450,2024-04-18,OZK,loan_default,0.856,7786579998.255149,True,160,0.135,banking
EVENT_0451,2025-04-24,CU_027,real_estate_crash,0.842,4376028485.750979,True,111,0.721,banking
EVENT_0452,2024-07-11,CU_001,fraud_discovery,0.791,3010343884.0134087,True,158,0.854,banking
EVENT_0453,2025-01-10,BEN,credit_downgrade,0.553,6082123121.740136,True,28,0.319,banking
EVENT_0454,2025-09-25,MS,currency_crisis,0.914,3781929388.699031,True,28,0.712,banking
EVENT_0455,2024-02-21,FITB,real_estate_crash,0.739,4061274811.2617345,True,36,0.223,banking
EVENT_0456,2024-09-14,SNV,cyber_attack,0.423,6571586849.982132,True,144,0.137,banking
EVENT_0457,2025-05-31,FNB,cyber_attack,0.41,6867457008.835761,False,128,0.201,banking
EVENT_0458,2025-04-27,CU_030,loan_default,0.373,7605901230.373612,False,108,0.389,banking
EVENT_0459,2024-05-06,WAL,interest_rate_shock,0.408,6874760255.267913,True,62,0.318,banking
EVENT_0460,2025-09-03,CU_010,market_crash,0.689,4562674868.595071,True,143,0.871,banking
EVENT_0461,2025-10-30,SBNY,loan_default,0.656,9683542782.167238,True,117,0.678,banking
EVENT_0462,2025-03-19,BK,liquidity_crunch,0.897,8240719647.771835,True,129,0.621,banking
EVENT_0463,2024-07-30,BANC,interest_rate_shock,0.507,7898284636.227827,True,159,0.731,banking
EVENT_0464,2023-12-20,OZK,interest_rate_shock,0.442,6879138218.106525,True,138,0.399,banking
EVENT_0465,2023-11-22,CU_034,currency_crisis,0.85,2146422222.1948953,True,68,0.411,banking
EVENT_0466,2025-06-07,CU_049,market_crash,0.515,8480959331.28222,True,84,0.662,banking
EVENT_0467,2024-01-22,MTB,currency_crisis,0.634,4425050933.512447,False,109,0.774,banking
EVENT_0468,2024-01-24,ZION,real_estate_crash,0.426,7289499688.222577,True,177,0.535,banking
EVENT_0469,2024-07-22,CU_031,regulatory_action,0.82,9680894729.020338,True,81,0.518,banking
EVENT_0470,2024-03-27,CU_029,market_crash,0.63,7089853472.23706,True,129,0.192,banking
EVENT_0471,2024-12-31,CU_026,cyber_attack,0.745,2271341353.236185,True,74,0.714,banking
EVENT_0472,2024-10-13,COF,loan_default,0.787,3135982021.84266,True,161,0.543,banking
EVENT_0473,2024-12-03,FITB,currency_crisis,0.655,467089997.37945884,True,158,0.28,banking
EVENT_0474,2023-11-25,FNB,cyber_attack,0.893,4408404488.032186,True,99,0.356,banking
EVENT_0475,2025-05-25,MS,interest_rate_shock,0.797,8671838491.974062,True,103,0.8,banking
EVENT_0476,2025-01-12,CU_035,loan_default,0.611,9712704081.216433,True,59,0.825,banking
EVENT_0477,2024-11-27,EWBC,regulatory_action,0.822,8621468675.541706,True,80,0.395,banking
EVENT_0478,2025-08-29,AMG,currency_crisis,0.605,8825036010.234692,True,123,0.714,banking
EVENT_0479,2024-07-29,CU_020,liquidity_crunch,0.645,1047986806.4206511,False,129,0.426,banking
EVENT_0480,2025-03-25,CU_027,currency_crisis,0.671,4384538993.907061,True,77,0.181,banking
EVENT_0481,2024-10-23,CU_044,real_estate_crash,0.811,2337289366.7141995,False,90,0.136,banking
EVENT_0482,2024-07-27,CU_049,market_crash,0.41,1540728170.9787126,False,6,0.877,banking
EVENT_0483,2025-01-04,CU_001,interest_rate_shock,0.492,7975626001.012455,True,98,0.729,banking
EVENT_0484,2025-09-06,CU_032,fraud_discovery,0.896,3546130502.559544,False,154,0.626,banking
EVENT_0485,2025-09-19,C,currency_crisis,0.449,6969177914.20479,False,146,0.17,banking
EVENT_0486,2023-11-11,BAC,interest_rate_shock,0.499,7738300618.725286,True,150,0.261,banking
EVENT_0487,2025-08-08,FHN,cyber_attack,0.655,2039332258.975591,True,15,0.308,banking
EVENT_0488,2025-04-21,TROW,credit_downgrade,0.711,8552564348.006717,True,78,0.67,banking
EVENT_0489,2024-08-09,CU_034,currency_crisis,0.813,9369592110.813349,False,146,0.815,banking
EVENT_0490,2024-10-23,CU_008,loan_default,0.913,1432327331.600663,True,150,0.429,banking
EVENT_0491,2024-11-14,CU_010,regulatory_action,0.749,848118358.0003277,True,89,0.875,banking
EVENT_0492,2024-08-28,ZION,currency_crisis,0.915,3029613409.8860598,True,41,0.652,banking
EVENT_0493,2024-06-01,BAC,fraud_discovery,0.351,405781154.56228566,True,88,0.381,banking
EVENT_0494,2025-06-09,CU_009,liquidity_crunch,0.311,1416593082.6732223,True,16,0.869,banking
EVENT_0495,2025-03-04,JPM,fraud_discovery,0.781,9774588083.185175,False,155,0.86,banking
EVENT_0496,2024-01-31,WTFC,regulatory_action,0.351,6738989860.44848,True,170,0.292,banking
EVENT_0497,2024-08-22,CU_030,fraud_discovery,0.947,8580351873.602278,True,25,0.245,banking
EVENT_0498,2024-11-21,HBAN,liquidity_crunch,0.585,8015725161.415658,True,28,0.58,banking
EVENT_0499,2025-11-01,CU_033,credit_downgrade,0.378,2562602613.809224,False,158,0.579,banking
EVENT_0500,2024-06-22,CU_005,liquidity_crunch,0.466,5135807015.807021,True,136,0.237,banking
